EmployeeID,Name,Department,Role,PerformanceRating,AnnualSalaryINR,salary_resid
AF101400,Ananya Dutta,Finance,Tech Lead,4.0,2066768.0,-0.6464914727071971
AF100291,Rohan Verma,Marketing,VP,4.0,10228575.0,-0.6305306642024426
AF107223,Neha Dutta,IT,Tech Lead,5.0,3601832.0,-0.5937842680092427
AF109810,Arjun Verma,Finance,Tech Lead,4.0,2227456.0,-0.5698012106291159
AF100304,Rahul Sharma,HR,VP,5.0,10955871.0,-0.5491950633797167
AF106167,Kiran Joshi,Operations,Tech Lead,4.0,2026178.0,-0.5407175562333641
AF104183,Deepa Khan,Delivery,Tech Lead,4.0,2340855.0,-0.5269920271460258
AF104804,Priya Dutta,IT,Tech Lead,4.0,2335980.0,-0.5238802455253442
AF102791,Ananya Khan,QA,Senior Manager,5.0,3037187.0,-0.5140519008709763
AF104679,Anil Malhotra,Delivery,VP,4.0,18923441.0,-0.50404768387396
AF100543,Anil Dutta,Consulting,Engineer,4.0,869852.0,-0.5038322766550021
AF102659,Ishaan Das,Delivery,Tech Lead,5.0,2409761.0,-0.4982154737114133
AF106495,Anil Sharma,Operations,Engineer,5.0,1429450.0,-0.4978773650228785
AF105945,Saanvi Das,Marketing,Tech Lead,4.0,3980919.0,-0.4934471117505481
AF101937,Aditya Reddy,Consulting,Tech Lead,4.0,2403701.0,-0.4860940114802137
AF101718,Sara Khan,Finance,Analyst,5.0,416744.0,-0.4850548704813349
AF108640,Neha Patel,Operations,Engineer,4.0,1461452.0,-0.4849200737644832
AF100590,Sunil Reddy,Finance,Tech Lead,4.0,2149302.0,-0.48398722609590905
AF101746,Sara Bose,IT,Engineer,4.0,888624.0,-0.4834804942352555
AF104503,Ishaan Das,HR,Engineer,5.0,1463325.0,-0.48125787764499073
AF106237,Kiran Chaudhary,Finance,Senior Manager,4.0,3140423.0,-0.4810062106898485
AF102571,Deepa Sharma,Marketing,Analyst,4.0,686652.0,-0.4809476111960276
AF109514,Saanvi Chatterjee,QA,Engineer,4.0,890234.0,-0.4777312445431541
AF101931,Anil Reddy,Sales,Tech Lead,4.0,4039562.0,-0.4704969886420187
AF102664,Ritika Sharma,R&D,Tech Lead,4.0,4064853.0,-0.46945479601654583
AF105970,Aditya Singh,QA,Engineer,4.0,1482304.0,-0.46904401876486546
AF109151,Priya Iyer,Consulting,Director,4.0,6370524.0,-0.46871661006841947
AF100646,Sunil Malhotra,R&D,Tech Lead,4.0,2475495.0,-0.46797751163390444
AF103276,Kiran Bose,QA,Engineer,5.0,902159.0,-0.46794234265692225
AF102947,Ritika Mehta,Consulting,Director,4.0,6377590.0,-0.46716358009453884
AF100313,Vikram Mehta,Sales,VP,4.0,19884793.0,-0.4666457148174672
AF104620,Neha Verma,Sales,Tech Lead,4.0,2491836.0,-0.4614602824268772
AF100601,Saanvi Khan,Delivery,Engineer,4.0,903784.0,-0.46111761122954675
AF102357,Rohan Reddy,IT,Engineer,4.0,905758.0,-0.46008879318790186
AF102904,Rohan Singh,HR,Engineer,5.0,909717.0,-0.45800498442071813
AF100773,Priya Das,Consulting,Tech Lead,4.0,2499829.0,-0.45709814975602114
AF100763,Vikram Mehta,QA,Engineer,4.0,896978.0,-0.4566534690707602
AF104165,Deepa Jain,Finance,Analyst,5.0,428475.0,-0.45421293359618886
AF101397,Kabir Verma,Marketing,Engineer,4.0,914778.0,-0.45290286501819566
AF106912,Aditya Kumar,Delivery,Tech Lead,4.0,2494135.0,-0.4483510370628707
AF101923,Priya Bose,Delivery,Tech Lead,4.0,2524144.0,-0.44768417155720286
AF108143,Sunil Chaudhary,QA,Engineer,4.0,1514858.0,-0.446569192727825
AF102436,Rahul Chaudhary,QA,Tech Lead,5.0,2539932.0,-0.4461722899178415
AF108109,Ritika Iyer,Sales,Analyst,4.0,432983.0,-0.4447767236651039
AF105150,Rohan Gupta,Operations,Analyst,4.0,433822.0,-0.44445499733707017
AF101354,Maya Joshi,Delivery,Tech Lead,5.0,2529349.0,-0.4443575203948811
AF100399,Aditya Reddy,HR,VP,5.0,12341702.0,-0.4423599904867501
AF104366,Kiran Iyer,Operations,Senior Manager,4.0,5347692.0,-0.4422051451944373
AF101265,Arjun Chatterjee,Marketing,Senior Consultant,5.0,2341289.0,-0.4418345322163528
AF104751,Ritika Nair,HR,Analyst,4.0,383753.0,-0.43970008480064315
AF108427,Vikram Verma,QA,Senior Consultant,4.0,2353222.0,-0.4373863890461287
AF107813,Sunil Joshi,Sales,Senior Consultant,4.0,1410427.0,-0.4367412963600099
AF100051,Vihaan Sharma,HR,VP,5.0,20496125.0,-0.43568792620392927
AF103116,Aditya Das,Delivery,Engineer,4.0,930629.0,-0.433906548765993
AF104704,Ishaan Das,Sales,Engineer,5.0,929004.0,-0.4338405124247977
AF101025,Sara Bose,QA,Senior Analyst,4.0,1152977.0,-0.43267284088375035
AF103861,Kabir Malhotra,Consulting,Consultant,5.0,1518016.0,-0.4325685126441545
AF104745,Kiran Jain,Operations,Senior Manager,4.0,3282010.0,-0.42968769241090143
AF109308,Kabir Mehta,HR,Senior Consultant,4.0,1444660.0,-0.427258782674258
AF103108,Vikram Verma,IT,Senior Consultant,5.0,2363222.0,-0.4263645024666598
AF106906,Kabir Joshi,Sales,Engineer,4.0,1532690.0,-0.4257869180145999
AF108747,Maya Chatterjee,Consulting,Consultant,5.0,1538708.0,-0.424677832753078
AF104623,Anil Joshi,Sales,Director,4.0,10931287.0,-0.4238649498640541
AF109056,Aarav Chaudhary,Finance,Engineer,4.0,938778.0,-0.42261315065327665
AF104961,Aarav Bose,Marketing,Engineer,4.0,931531.0,-0.421717972980197
AF101650,Sunil Bose,Delivery,Consultant,4.0,1549877.0,-0.41985441885101515
AF104307,Sunil Verma,R&D,Consultant,4.0,928067.0,-0.41955127967637473
AF109682,Kiran Joshi,IT,Senior Analyst,4.0,713002.0,-0.4176151743253005
AF101801,Aditya Reddy,Marketing,Engineer,4.0,946791.0,-0.41689155850695236
AF104507,Rahul Nair,QA,Analyst,4.0,730665.0,-0.41535986368729105
AF108784,Neha Joshi,HR,Consultant,4.0,949964.0,-0.4127982771926213
AF106449,Arjun Kumar,Operations,Manager,5.0,2060812.0,-0.4113380131820481
AF102293,Aarav Patel,Consulting,Analyst,4.0,448408.0,-0.40806523371062475
AF109297,Kiran Gupta,Sales,Analyst,4.0,449734.0,-0.4078299844664368
AF109147,Maya Jain,IT,Senior Manager,4.0,3354339.0,-0.40527513193178955
AF109328,Vikram Gupta,Consulting,Analyst,4.0,742457.0,-0.4047633856206829
AF109049,Ishaan Verma,HR,Senior Analyst,4.0,727884.0,-0.4044847783072818
AF100960,Kiran Bose,IT,Engineer,5.0,964901.0,-0.4040793313534774
AF104986,Anil Malhotra,Sales,Engineer,5.0,959344.0,-0.40322698075608443
AF100795,Deepa Jain,Delivery,Consultant,4.0,1575265.0,-0.40312516862553593
AF108417,Maya Iyer,Consulting,Senior Consultant,5.0,1486790.0,-0.4030364433278102
AF101582,Maya Joshi,Sales,Director,4.0,11064846.0,-0.40273104358156786
AF101641,Rahul Patel,HR,Consultant,4.0,953031.0,-0.40247469571086825
AF109813,Anil Iyer,Operations,Consultant,4.0,1570894.0,-0.3997511620244687
AF103634,Kiran Kapoor,Finance,Senior Consultant,4.0,1474955.0,-0.3995632263977775
AF107278,Vihaan Chatterjee,Operations,Manager,4.0,3415043.0,-0.3981215241880687
AF100202,Maya Bose,Marketing,Tech Lead,5.0,2675134.0,-0.39739391713811045
AF104315,Priya Patel,Finance,Senior Consultant,4.0,1488710.0,-0.3971376197465659
AF105563,Kiran Chatterjee,Finance,Senior Consultant,4.0,2441399.0,-0.39695262529378006
AF102835,Deepa Mehta,Delivery,Manager,5.0,2102100.0,-0.39648590866673317
AF100970,Neha Khan,Delivery,Analyst,4.0,750232.0,-0.39587955822813115
AF101868,Aarav Patel,Marketing,Engineer,4.0,1597396.0,-0.39467230759018435
AF100687,Ritika Kapoor,R&D,Consultant,4.0,849458.0,-0.3942975551452861
AF102119,Deepa Chaudhary,QA,Tech Lead,4.0,4388712.0,-0.3929532063961396
AF101741,Kiran Mehta,Marketing,Consultant,4.0,1593363.0,-0.3919412340135935
AF109631,Maya Singh,Delivery,Analyst,4.0,459020.0,-0.39168971235065264
AF101663,Priya Verma,Finance,Senior Manager,5.0,3435872.0,-0.3914336878315545
AF105411,Vihaan Joshi,Delivery,Manager,4.0,2105468.0,-0.39062241524995756
AF107642,Rahul Verma,IT,Manager,4.0,3471040.0,-0.3901563567339732
AF100041,Deepa Khan,QA,Senior Consultant,4.0,1474122.0,-0.38989520881602857
AF102956,Arjun Joshi,R&D,Analyst,4.0,458037.0,-0.389701899067072
AF109962,Kiran Bose,HR,Consultant,4.0,851792.0,-0.38853679647406025
AF109968,Ritika Gupta,Delivery,Engineer,4.0,1608657.0,-0.3868344100764336
AF108376,Rohan Dutta,Operations,Tech Lead,4.0,2656487.0,-0.38679230576924795
AF108999,Aditya Sharma,Delivery,Analyst,4.0,452882.0,-0.38584418711531754
AF108347,Maya Reddy,QA,Senior Manager,4.0,5637984.0,-0.38568984567630515
AF107091,Maya Khan,Sales,Senior Analyst,4.0,742885.0,-0.3852850953066973
AF109407,Saanvi Das,Operations,Analyst,4.0,759664.0,-0.38367840044766055
AF100630,Sunil Patel,Marketing,Consultant,5.0,979477.0,-0.38269863788482006
AF103581,Ritika Nair,Finance,Engineer,4.0,1606757.0,-0.3822321460104412
AF107544,Priya Kapoor,Operations,Tech Lead,4.0,2712804.0,-0.3813057452125843
AF106438,Sunil Singh,Delivery,Senior Consultant,4.0,1328495.0,-0.381137588661165
AF103547,Anil Das,IT,Engineer,4.0,986475.0,-0.3811033158019139
AF105035,Rahul Gupta,HR,Senior Manager,4.0,3467465.0,-0.38061114977064214
AF101984,Arjun Joshi,Operations,Analyst,4.0,406669.0,-0.3804469437342277
AF103145,Anil Bose,Finance,Engineer,4.0,986714.0,-0.37896793507646187
AF100991,Kiran Jain,R&D,Senior Consultant,5.0,2488454.0,-0.3788409438517988
AF101626,Saanvi Sharma,IT,Analyst,5.0,456965.0,-0.3786998207098815
AF101420,Aditya Patel,R&D,Tech Lead,4.0,2713803.0,-0.3786783424104456
AF102836,Vihaan Das,HR,Tech Lead,4.0,4427712.0,-0.378526920080823
AF105243,Aarav Sharma,HR,Consultant,4.0,979630.0,-0.3765274017734601
AF103628,Rahul Das,QA,Senior Analyst,4.0,747467.0,-0.37574401042629013
AF109293,Vikram Reddy,HR,Senior Analyst,4.0,746141.0,-0.37549083563664176
AF104213,Saanvi Chaudhary,Marketing,Consultant,4.0,987050.0,-0.37526629639576825
AF103524,Neha Mehta,Operations,Manager,5.0,3530404.0,-0.37433822788376503
AF104690,Aditya Chatterjee,QA,Consultant,4.0,1609078.0,-0.3741295444554904
AF107904,Rohan Dutta,IT,Analyst,5.0,766094.0,-0.37396456414304247
AF103603,Rahul Sharma,Consulting,Senior Consultant,4.0,1521000.0,-0.3733837990374482
AF103601,Ritika Chatterjee,Consulting,Tech Lead,4.0,2690050.0,-0.37292671094568597
AF103725,Sunil Mehta,Consulting,Director,5.0,6883549.0,-0.37264724152251993
AF108322,Kiran Kapoor,IT,Consultant,5.0,973916.0,-0.3714798400257564
AF102392,Ritika Kumar,R&D,Senior Analyst,4.0,746499.0,-0.3711809491547875
AF103759,Vikram Chaudhary,Sales,Engineer,5.0,875512.0,-0.36977674495584445
AF101178,Kabir Reddy,Operations,Senior Analyst,5.0,663739.0,-0.36931293432114387
AF100476,Aditya Verma,Consulting,Manager,4.0,2158205.0,-0.36906356532047724
AF109911,Priya Kumar,Sales,Analyst,4.0,764365.0,-0.36874961607832724
AF106304,Sunil Reddy,Consulting,Director,5.0,7026785.0,-0.3683913807096051
AF105811,Sunil Khan,Finance,Senior Manager,4.0,5772630.0,-0.36712192351875395
AF100704,Arjun Malhotra,Delivery,Manager,5.0,3562953.0,-0.3665770895397902
AF106996,Maya Kapoor,Delivery,Analyst,5.0,771448.0,-0.36588784622161086
AF103383,Sunil Gupta,Sales,Engineer,4.0,982494.0,-0.36503564818316114
AF106553,Kabir Bose,Marketing,Engineer,4.0,879627.0,-0.3646593558115061
AF105802,Deepa Kumar,Consulting,Consultant,4.0,987657.0,-0.36411524366348935
AF107355,Ananya Kapoor,Operations,Engineer,5.0,1651345.0,-0.3637023688343941
AF102778,Sunil Verma,Delivery,Senior Manager,4.0,3513819.0,-0.36323114354293473
AF105265,Aditya Kapoor,Consulting,Senior Analyst,4.0,758995.0,-0.36240573754522387
AF108372,Deepa Das,Delivery,Consultant,4.0,990264.0,-0.3613824186731236
AF105639,Maya Malhotra,HR,Senior Consultant,4.0,1542539.0,-0.3609569920654483
AF109012,Saanvi Jain,R&D,Senior Manager,4.0,3517998.0,-0.36060863552771494
AF100653,Vikram Reddy,Marketing,Analyst,4.0,775389.0,-0.36006229413559687
AF103614,Kabir Das,HR,Senior Analyst,5.0,668514.0,-0.3598485416211794
AF101901,Kiran Khan,R&D,Manager,4.0,2171928.0,-0.359443616809644
AF100873,Arjun Mehta,Marketing,Engineer,5.0,1647201.0,-0.3589177801215957
AF100515,Neha Gupta,Finance,Senior Analyst,4.0,761715.0,-0.3580154231116879
AF107319,Saanvi Singh,QA,Analyst,4.0,472064.0,-0.3564700702183021
AF108672,Rahul Nair,Finance,Manager,4.0,2178566.0,-0.3564380678430741
AF107382,Aditya Malhotra,Consulting,Consultant,5.0,1653500.0,-0.3551909956649322
AF100983,Sara Chaudhary,R&D,Engineer,4.0,889360.0,-0.3548320387995876
AF103023,Arjun Kapoor,Marketing,Engineer,4.0,1011290.0,-0.35479691288885995
AF103302,Priya Malhotra,HR,Manager,4.0,3598200.0,-0.35419763412674676
AF101518,Rahul Kumar,R&D,Tech Lead,4.0,2769782.0,-0.35326684228842353
AF108047,Ishaan Jain,Consulting,Senior Manager,5.0,5853192.0,-0.35324407672734637
AF103256,Saanvi Joshi,HR,Senior Consultant,5.0,2560175.0,-0.35291196842755923
AF101594,Anil Joshi,Operations,Manager,4.0,2182656.0,-0.3515521055257711
AF109513,Maya Iyer,IT,Senior Analyst,4.0,1251215.0,-0.35114463212931213
AF108518,Kiran Dutta,R&D,Senior Analyst,4.0,1253732.0,-0.35013680320096974
AF100444,Rahul Kapoor,Finance,Analyst,5.0,785193.0,-0.34877339457656653
AF103550,Ananya Joshi,IT,Senior Manager,5.0,5898547.0,-0.34830956340416463
AF103776,Aditya Chatterjee,R&D,Senior Analyst,4.0,1253362.0,-0.34800002533005703
AF108680,Vihaan Gupta,Operations,Consultant,4.0,995918.0,-0.347164098626747
AF103488,Ritika Joshi,Marketing,Engineer,4.0,1015338.0,-0.34691716260790884
AF100022,Vikram Patel,HR,Tech Lead,4.0,4604828.0,-0.34659710107960784
AF103959,Rahul Gupta,Consulting,Tech Lead,5.0,2815736.0,-0.34621799764816075
AF105012,Saanvi Khan,Sales,Consultant,4.0,1663604.0,-0.3458079384787833
AF105656,Kiran Patel,Delivery,Manager,5.0,2183106.0,-0.3453150467733028
AF109009,Kabir Mehta,Operations,Engineer,5.0,1024970.0,-0.3446994937593679
AF101629,Arjun Patel,R&D,Senior Manager,4.0,5896184.0,-0.3446155319679427
AF101858,Aditya Bose,Sales,Engineer,4.0,1018623.0,-0.3430409830649843
AF109837,Sara Malhotra,Operations,Engineer,4.0,1021583.0,-0.34302356608227313
AF106986,Rohan Kumar,Delivery,Engineer,5.0,1678526.0,-0.3427888490752373
AF104257,Rohan Mehta,R&D,Manager,4.0,3644634.0,-0.34207772987169527
AF101221,Neha Patel,IT,Tech Lead,4.0,2806584.0,-0.34166648374977093
AF108211,Rahul Patel,Marketing,Senior Consultant,5.0,2577481.0,-0.34054516330414586
AF106009,Deepa Sharma,IT,Analyst,4.0,423280.0,-0.3403321243109154
AF102906,Aarav Dutta,QA,Consultant,4.0,1012983.0,-0.33975551635960954
AF106180,Ritika Malhotra,R&D,Analyst,4.0,475568.0,-0.3392897195521485
AF105158,Ritika Kapoor,Marketing,Senior Consultant,4.0,1580641.0,-0.3390780628855019
AF100798,Sara Jain,Marketing,Senior Analyst,5.0,778158.0,-0.33887843371501347
AF106973,Rahul Nair,Sales,Senior Consultant,4.0,1575867.0,-0.33853092367571236
AF104014,Ananya Sharma,Marketing,Engineer,4.0,1025989.0,-0.33836323877736163
AF109444,Aarav Dutta,Delivery,Engineer,4.0,1024804.0,-0.33820389039487075
AF106088,Aditya Nair,Operations,Manager,5.0,2227709.0,-0.3374633154934177
AF103074,Kiran Iyer,IT,Consultant,4.0,1005465.0,-0.3366978376118066
AF102384,Deepa Kapoor,Consulting,Engineer,4.0,904112.0,-0.3357232820540528
AF102489,Priya Kumar,R&D,Senior Analyst,4.0,775794.0,-0.33462735985070147
AF100666,Saanvi Chatterjee,Marketing,Engineer,4.0,1028761.0,-0.3334438379086784
AF108026,Vikram Khan,Marketing,Senior Manager,5.0,5939899.0,-0.3333998645679177
AF100249,Deepa Malhotra,HR,Analyst,5.0,484082.0,-0.3327877512662667
AF107040,Vihaan Iyer,Consulting,Tech Lead,4.0,4661887.0,-0.3322301707995532
AF109325,Sara Verma,HR,Consultant,4.0,903842.0,-0.3311453432481066
AF109949,Kabir Gupta,Marketing,Senior Analyst,5.0,1288564.0,-0.3307118581548938
AF108762,Arjun Singh,HR,Tech Lead,4.0,4686876.0,-0.32972846991339644
AF102379,Kabir Joshi,Consulting,Consultant,5.0,1016891.0,-0.329658483115594
AF108589,Maya Joshi,Operations,Senior Consultant,4.0,1590178.0,-0.3293135075855904
AF104596,Maya Patel,R&D,Engineer,4.0,1690717.0,-0.32894139752328044
AF105362,Priya Sharma,QA,Manager,5.0,3699198.0,-0.32882054478493394
AF103876,Arjun Chatterjee,R&D,Engineer,4.0,1033081.0,-0.3284827537172035
AF109983,Anil Joshi,HR,Tech Lead,4.0,4698039.0,-0.3283834941221002
AF104821,Ananya Mehta,Sales,Senior Analyst,5.0,788094.0,-0.3276368443732789
AF106436,Aarav Verma,Finance,Senior Manager,5.0,3604679.0,-0.3256380489208581
AF101796,Rahul Jain,R&D,Senior Analyst,5.0,783776.0,-0.32537590515424597
AF102270,Kiran Chaudhary,QA,Engineer,4.0,1024878.0,-0.3245029644959203
AF100412,Aditya Singh,Delivery,Analyst,4.0,798287.0,-0.32378161826701124
AF105962,Priya Nair,HR,Consultant,4.0,1707638.0,-0.3231814612801447
AF102637,Rohan Patel,Finance,Tech Lead,5.0,2836720.0,-0.32295392456033234
AF101076,Rohan Kapoor,HR,Tech Lead,4.0,4730902.0,-0.32029585903101143
AF104037,Sunil Chaudhary,IT,Senior Analyst,4.0,789740.0,-0.3201592351090383
AF102505,Ishaan Iyer,Delivery,Senior Analyst,5.0,1302180.0,-0.3200531991755806
AF102372,Saanvi Nair,IT,Analyst,4.0,490773.0,-0.31959279064859025
AF102375,Neha Iyer,Marketing,Senior Manager,4.0,3628515.0,-0.3191141415763106
AF109944,Ritika Dutta,HR,Senior Analyst,4.0,794180.0,-0.3190299536104604
AF109812,Sara Joshi,Operations,Engineer,4.0,919598.0,-0.318723808360307
AF101806,Ritika Chatterjee,R&D,Analyst,4.0,807592.0,-0.31829701829460255
AF104502,Kiran Dutta,Operations,Analyst,4.0,492855.0,-0.31817353836419393
AF102486,Kabir Chaudhary,Marketing,Consultant,4.0,1716047.0,-0.3176334963298171
AF106587,Aditya Singh,R&D,Senior Consultant,4.0,1588042.0,-0.31719244703008087
AF106584,Kiran Kumar,Consulting,Senior Consultant,4.0,1607074.0,-0.31692463542045957
AF104334,Vikram Khan,HR,Tech Lead,4.0,2883792.0,-0.3168315428313573
AF104389,Maya Kumar,Marketing,Analyst,4.0,490475.0,-0.3166785775421488
AF106926,Sara Singh,Consulting,Engineer,5.0,1729269.0,-0.31534593917738185
AF105827,Aditya Bose,Marketing,Senior Manager,4.0,3671593.0,-0.31510692316898314
AF100732,Vikram Kapoor,Operations,Manager,4.0,2280824.0,-0.31484221856268313
AF109663,Arjun Bose,Consulting,Analyst,4.0,492723.0,-0.3141741714806585
AF100555,Arjun Joshi,HR,Analyst,4.0,492434.0,-0.31399970066267713
AF106859,Vihaan Sharma,Consulting,Engineer,5.0,1036317.0,-0.31344257085297755
AF109767,Saanvi Kapoor,R&D,Senior Consultant,5.0,2671830.0,-0.31259142620953817
AF108729,Kabir Bose,IT,Analyst,4.0,495580.0,-0.31219456817964364
AF107798,Sunil Mehta,Finance,Director,4.0,7341025.0,-0.31095391095310987
AF103764,Anil Kapoor,Finance,Analyst,4.0,496830.0,-0.31094439023681275
AF102386,Ananya Sharma,Delivery,Senior Consultant,4.0,2672544.0,-0.31086650166255403
AF100023,Vikram Chaudhary,Marketing,Senior Analyst,4.0,1314209.0,-0.31065311539555296
AF102546,Saanvi Reddy,Consulting,VP,4.0,23185160.0,-0.3103249173566134
AF101924,Neha Joshi,Marketing,Senior Analyst,4.0,794061.0,-0.3102593717889839
AF107615,Kabir Kumar,Operations,Senior Consultant,5.0,2675838.0,-0.30789353881027637
AF109396,Saanvi Verma,Sales,Manager,4.0,2283657.0,-0.30780192219389413
AF101527,Sunil Das,Delivery,Senior Consultant,4.0,1432181.0,-0.3075841721792649
AF105288,Ananya Jain,QA,Analyst,5.0,438481.0,-0.30644517095749535
AF107553,Kiran Kumar,Delivery,Analyst,4.0,498271.0,-0.30574053684284763
AF100997,Kabir Kapoor,Marketing,Senior Manager,4.0,3735180.0,-0.3051450272314824
AF105886,Arjun Iyer,R&D,Analyst,4.0,500325.0,-0.30477262542910566
AF105422,Neha Gupta,Finance,Analyst,4.0,438905.0,-0.30468880031322243
AF103164,Saanvi Singh,QA,Consultant,4.0,1057723.0,-0.30433540181401675
AF105007,Neha Nair,R&D,Director,5.0,7463532.0,-0.3043333657594989
AF106359,Saanvi Iyer,HR,Consultant,5.0,1050849.0,-0.30431249424589524
AF106987,Arjun Verma,QA,Director,4.0,6583510.0,-0.30427902390152717
AF102366,Deepa Dutta,Sales,Analyst,4.0,491912.0,-0.3042193765301757
AF107060,Rohan Singh,Operations,Senior Analyst,5.0,1325540.0,-0.3033462578859272
AF104734,Arjun Nair,Sales,Consultant,4.0,1728274.0,-0.3025203185330163
AF108385,Rahul Verma,Operations,Senior Manager,4.0,6145078.0,-0.3022907008866529
AF102181,Arjun Reddy,Delivery,Analyst,4.0,816231.0,-0.30185641709337574
AF109248,Ishaan Patel,Consulting,Manager,4.0,2301670.0,-0.30088846194703045
AF108868,Kiran Chaudhary,Sales,Senior Consultant,5.0,2698844.0,-0.2993049754495214
AF105869,Vihaan Reddy,QA,Manager,4.0,2302242.0,-0.29929854101459696
AF106204,Ritika Kapoor,Consulting,Consultant,4.0,1058677.0,-0.2980447390344292
AF104576,Anil Malhotra,QA,VP,5.0,14232755.0,-0.29777592645197615
AF107532,Vihaan Malhotra,HR,Analyst,4.0,496349.0,-0.2970800009607526
AF102695,Maya Dutta,Marketing,Engineer,4.0,1073078.0,-0.2968075569566544
AF106456,Ishaan Singh,Marketing,Senior Analyst,4.0,797824.0,-0.296572245126443
AF100332,Kabir Bose,Delivery,Engineer,4.0,1748545.0,-0.2962289893181502
AF106538,Ananya Chaudhary,Sales,Consultant,5.0,1744708.0,-0.29559876852644607
AF101899,Kabir Kumar,Sales,Senior Analyst,4.0,804334.0,-0.2953171113447546
AF106946,Anil Sharma,Sales,Senior Consultant,4.0,1646617.0,-0.29521271074988675
AF106681,Anil Patel,Operations,Analyst,5.0,832538.0,-0.2949384211248969
AF103333,Saanvi Sharma,Consulting,Senior Analyst,4.0,809484.0,-0.2948721383495183
AF104231,Kiran Joshi,Finance,Engineer,4.0,1071717.0,-0.29449112561536417
AF101323,Sara Khan,Operations,Senior Manager,4.0,3317827.0,-0.29429274124724714
AF102820,Kabir Verma,Sales,Consultant,4.0,1049127.0,-0.2942517905914883
AF109770,Ananya Iyer,Finance,Consultant,5.0,1071578.0,-0.29422326222228357
AF104633,Neha Gupta,QA,Consultant,5.0,1055055.0,-0.2938403770010911
AF100148,Neha Dutta,IT,Senior Analyst,4.0,1326477.0,-0.29376953922448124
AF105103,Sara Gupta,Delivery,Tech Lead,4.0,2965170.0,-0.29270185627481204
AF101381,Maya Malhotra,Marketing,Engineer,4.0,1756903.0,-0.29266486080839016
AF108515,Ritika Patel,Marketing,Senior Analyst,4.0,1332919.0,-0.2923276204764633
AF101142,Ritika Jain,Marketing,Tech Lead,4.0,4835407.0,-0.2923192284537297
AF104087,Aditya Sharma,Sales,Senior Consultant,4.0,1643698.0,-0.2921504087765978
AF103720,Ritika Nair,Finance,Analyst,4.0,502969.0,-0.29170549262206436
AF106956,Anil Nair,Consulting,Analyst,4.0,503727.0,-0.29156413617759824
AF103982,Anil Kumar,IT,Manager,4.0,2336699.0,-0.29150567863378996
AF108188,Arjun Reddy,Consulting,Senior Manager,4.0,3789035.0,-0.2910368503414489
AF103705,Sara Gupta,Operations,Analyst,5.0,507329.0,-0.2908109001589132
AF103173,Rohan Nair,Consulting,Analyst,4.0,502680.0,-0.29063446041740804
AF101172,Ritika Kumar,Delivery,Consultant,4.0,1066196.0,-0.2905300223346732
AF103543,Maya Sharma,Sales,Senior Consultant,4.0,1649882.0,-0.2887821218747373
AF109930,Vikram Reddy,Operations,Engineer,4.0,1081769.0,-0.2885544246223599
AF102182,Kiran Patel,Finance,Engineer,5.0,1075203.0,-0.28847049319642437
AF101906,Anil Nair,Marketing,Analyst,4.0,507298.0,-0.28798422112915034
AF109811,Rahul Singh,Operations,Engineer,4.0,951125.0,-0.28774629458485634
AF105741,Rohan Kapoor,HR,Senior Manager,5.0,3340280.0,-0.28771161466145756
AF109634,Rahul Sharma,Marketing,Senior Analyst,4.0,818060.0,-0.2874146734667864
AF102003,Saanvi Verma,HR,Manager,4.0,2060238.0,-0.2873390746367388
AF107935,Kiran Bose,Sales,Engineer,4.0,1082124.0,-0.2871070674281224
AF106758,Sunil Singh,IT,Senior Consultant,4.0,1633431.0,-0.28695270641972215
AF101110,Vihaan Nair,R&D,Consultant,4.0,1075475.0,-0.2868369849342667
AF108997,Vikram Das,Delivery,Engineer,4.0,951106.0,-0.28682896086623444
AF104252,Aditya Chaudhary,Delivery,Analyst,4.0,510163.0,-0.28667062726031745
AF109654,Ananya Malhotra,Marketing,Senior Manager,4.0,3796070.0,-0.2862032271511641
AF107684,Aarav Jain,HR,Engineer,4.0,1774045.0,-0.28606783779406264
AF106585,Kabir Dutta,QA,Analyst,5.0,840077.0,-0.2859214410862396
AF109148,Ritika Gupta,Sales,Engineer,5.0,1765405.0,-0.28590739133289134
AF107431,Neha Verma,Consulting,Consultant,5.0,1771350.0,-0.2854773172903897
AF102417,Maya Mehta,Delivery,Senior Consultant,4.0,2733522.0,-0.2853585577454645
AF109939,Vihaan Nair,Marketing,Consultant,4.0,1076194.0,-0.28526129553828206
AF108902,Deepa Dutta,Sales,Senior Analyst,5.0,1341268.0,-0.2849559513239033
AF101880,Deepa Joshi,Finance,Senior Manager,4.0,3811651.0,-0.2848831308830668
AF108014,Aarav Jain,QA,Senior Analyst,4.0,1345677.0,-0.2847316477100357
AF106256,Aarav Chaudhary,Marketing,Manager,4.0,3831793.0,-0.2843559788187058
AF101842,Vikram Sharma,QA,Consultant,4.0,1076619.0,-0.28431862574540645
AF107926,Rahul Khan,Marketing,Senior Manager,4.0,3817194.0,-0.2842107594369825
AF105064,Maya Bose,Delivery,Senior Manager,5.0,3805705.0,-0.28420483053574763
AF100296,Rahul Chaudhary,IT,Senior Analyst,5.0,1341927.0,-0.2841653596694744
AF104877,Maya Reddy,IT,VP,4.0,14429260.0,-0.2837518833789865
AF101287,Ishaan Reddy,Finance,Senior Consultant,4.0,1654998.0,-0.2836272352158087
AF104331,Ishaan Dutta,IT,Analyst,4.0,839787.0,-0.2831507517237526
AF101432,Neha Jain,Consulting,Analyst,4.0,510861.0,-0.2827930444541007
AF109154,Ananya Joshi,Finance,Senior Analyst,4.0,721675.0,-0.2822625662520579
AF100934,Vihaan Bose,HR,Director,4.0,6717573.0,-0.2822340007586295
AF104568,Deepa Nair,HR,Senior Consultant,4.0,2723694.0,-0.28214229087951814
AF102655,Deepa Malhotra,QA,Analyst,4.0,502940.0,-0.2820161394908087
AF103106,Ishaan Jain,Operations,Consultant,4.0,1761699.0,-0.2816929090122695
AF107626,Deepa Gupta,Consulting,Senior Consultant,4.0,2751102.0,-0.2814697313227299
AF104641,Maya Mehta,Marketing,Senior Consultant,5.0,1664436.0,-0.281389669809915
AF101280,Ritika Chaudhary,Sales,Analyst,4.0,510835.0,-0.28056196312067705
AF105981,Ishaan Mehta,QA,Director,5.0,7552494.0,-0.2803482504156527
AF109689,Kabir Dutta,IT,Consultant,4.0,1065879.0,-0.28011919086861425
AF109379,Ananya Patel,R&D,Consultant,4.0,1080754.0,-0.27933377196500864
AF106091,Vikram Patel,R&D,Analyst,4.0,508737.0,-0.27931259090803984
AF104508,Neha Jain,IT,Consultant,4.0,1076186.0,-0.2792317083710145
AF100256,Rohan Dutta,Consulting,Consultant,4.0,1081281.0,-0.27914335232489407
AF100600,Aarav Nair,QA,Consultant,4.0,1077726.0,-0.2789854815833426
AF100566,Saanvi Khan,IT,Senior Manager,4.0,6259097.0,-0.27896272903042707
AF106065,Maya Singh,IT,Manager,4.0,2357340.0,-0.27892294561049447
AF107766,Deepa Iyer,R&D,Senior Analyst,5.0,1356447.0,-0.27884654409800014
AF101927,Aarav Kumar,Delivery,Consultant,5.0,1067087.0,-0.2785120297289403
AF103879,Ananya Reddy,Marketing,Engineer,4.0,1795757.0,-0.2781755367409442
AF108864,Rohan Mehta,IT,Director,4.0,12673195.0,-0.2781328215574277
AF105682,Vikram Patel,QA,Consultant,4.0,1778043.0,-0.27810186673363546
AF105382,Anil Das,QA,Engineer,4.0,1795579.0,-0.27765738096893244
AF101877,Aarav Mehta,HR,Tech Lead,5.0,3011773.0,-0.27763921839259353
AF104887,Ritika Mehta,IT,Consultant,4.0,1779480.0,-0.2775634495782846
AF108880,Vikram Nair,QA,Tech Lead,4.0,4943584.0,-0.27755335301654505
AF104126,Vikram Mehta,Sales,Senior Analyst,4.0,827979.0,-0.27685720975583017
AF104143,Saanvi Kumar,Sales,Analyst,5.0,451569.0,-0.27627124904693545
AF104218,Kiran Das,HR,Senior Analyst,5.0,726097.0,-0.27614919858397435
AF105283,Vikram Verma,Consulting,Senior Consultant,4.0,1673189.0,-0.2759650364786541
AF102483,Anil Reddy,HR,Consultant,5.0,1784830.0,-0.2756138698835322
AF107656,Rohan Dutta,R&D,Senior Analyst,5.0,1361026.0,-0.27559164938397274
AF103370,Sunil Bose,Sales,Tech Lead,4.0,4955106.0,-0.2755846314975141
AF108923,Ishaan Singh,QA,Engineer,4.0,1093378.0,-0.27542771494306706
AF105579,Aditya Das,Delivery,Senior Consultant,4.0,1671995.0,-0.2751459595678991
AF109721,Vihaan Malhotra,Delivery,Senior Manager,4.0,6272290.0,-0.27460022155450226
AF101753,Maya Nair,HR,Senior Manager,4.0,3792200.0,-0.27450998004607996
AF100225,Priya Sharma,Finance,Consultant,4.0,1085068.0,-0.2742972494978506
AF106203,Rohan Das,Marketing,Senior Consultant,4.0,1687256.0,-0.2742471940379101
AF107644,Kiran Malhotra,Consulting,Consultant,4.0,1072357.0,-0.27376750015466556
AF106638,Arjun Kapoor,Marketing,Consultant,4.0,1072594.0,-0.2737261482287856
AF105825,Maya Khan,Marketing,Senior Analyst,5.0,818439.0,-0.2731156289125405
AF107680,Ritika Kapoor,QA,Engineer,4.0,1793498.0,-0.27288094296802257
AF101637,Deepa Joshi,Marketing,Consultant,5.0,1785063.0,-0.2724513163913098
AF106692,Rahul Chatterjee,Consulting,Senior Consultant,4.0,2766937.0,-0.2721906032535184
AF100703,Aarav Khan,R&D,VP,4.0,14451901.0,-0.2717656354110609
AF103336,Kabir Iyer,HR,Engineer,4.0,1089862.0,-0.2716011616350187
AF106914,Ritika Singh,Operations,Senior Consultant,5.0,2753005.0,-0.2714612748499743
AF102916,Priya Joshi,HR,VP,5.0,14692371.0,-0.27142949228752755
AF104063,Ritika Patel,HR,Senior Analyst,4.0,826431.0,-0.2712026329778201
AF109177,Kabir Patel,Marketing,Tech Lead,4.0,3002823.0,-0.2710924866129574
AF103953,Sara Dutta,Sales,Senior Consultant,4.0,1686639.0,-0.27069549591859143
AF109551,Rohan Jain,Consulting,Manager,4.0,2384712.0,-0.27041580519383146
AF103640,Ananya Verma,Consulting,Senior Manager,5.0,3822112.0,-0.2694466107537341
AF106283,Ishaan Reddy,R&D,Senior Analyst,4.0,1358602.0,-0.2693424404663709
AF108892,Ananya Gupta,Marketing,Consultant,4.0,1802702.0,-0.26932838709760887
AF109615,Anil Dutta,Finance,Engineer,4.0,1096284.0,-0.2683191189189067
AF108122,Neha Chaudhary,Consulting,Engineer,5.0,1812340.0,-0.26820261137725687
AF107726,Sunil Reddy,HR,Analyst,5.0,519457.0,-0.2681102009366434
AF106694,Priya Kumar,R&D,Senior Consultant,4.0,2784349.0,-0.26806390152693993
AF107710,Vikram Chatterjee,Consulting,Manager,5.0,2379641.0,-0.2680355237354455
AF108345,Neha Verma,Consulting,Consultant,4.0,1788415.0,-0.2678416983085228
AF102955,Priya Gupta,Consulting,Director,5.0,12714416.0,-0.26744313445852086
AF101782,Vihaan Sharma,Sales,Senior Analyst,4.0,835908.0,-0.26706152256351423
AF102729,Saanvi Jain,HR,Consultant,4.0,1092177.0,-0.2670199559986788
AF106460,Kiran Chaudhary,Finance,Senior Analyst,5.0,821242.0,-0.266313603873515
AF105708,Saanvi Khan,Operations,Senior Manager,4.0,3859137.0,-0.2661456870558627
AF107381,Rahul Khan,Sales,Senior Manager,4.0,3897010.0,-0.2656492343697181
AF100140,Ishaan Patel,Operations,Analyst,4.0,511210.0,-0.2654578645144383
AF102322,Sara Kumar,HR,Consultant,4.0,1802834.0,-0.2654114172649997
AF104587,Aditya Nair,IT,Senior Analyst,4.0,831825.0,-0.26423519627312864
AF104857,Neha Singh,Finance,Analyst,4.0,521215.0,-0.2641858678269884
AF104336,Aarav Bose,QA,Consultant,4.0,1103767.0,-0.2640165095058631
AF106707,Kiran Nair,HR,Analyst,4.0,848504.0,-0.26384135221466387
AF105794,Anil Khan,Delivery,Tech Lead,5.0,3000505.0,-0.26343872295148785
AF100188,Maya Patel,R&D,Analyst,4.0,856905.0,-0.26308954102976045
AF108727,Neha Reddy,Operations,Senior Manager,4.0,3877811.0,-0.2630019261595713
AF102816,Vihaan Khan,Marketing,Senior Analyst,4.0,1376791.0,-0.26292592656901803
AF109803,Rohan Khan,R&D,Senior Consultant,4.0,1699621.0,-0.2622314477014207
AF103063,Maya Sharma,Delivery,Senior Analyst,4.0,1381004.0,-0.2620515028727226
AF107917,Sara Das,HR,Manager,4.0,3930500.0,-0.2608451639080762
AF104321,Sunil Kumar,Marketing,Analyst,4.0,518044.0,-0.26055575910915607
AF100349,Ritika Chatterjee,R&D,Tech Lead,4.0,3066080.0,-0.2602912121680383
AF108993,Deepa Khan,Finance,Engineer,4.0,1113095.0,-0.2601850201559426
AF108950,Sara Joshi,QA,Senior Consultant,4.0,1698222.0,-0.25970519040946805
AF102829,Arjun Patel,Operations,Engineer,4.0,1112984.0,-0.2584539722524184
AF109138,Kiran Verma,Delivery,Director,4.0,12891666.0,-0.2579202844038093
AF100657,Rohan Chatterjee,Operations,Senior Analyst,4.0,828027.0,-0.2575583533492587
AF109964,Rohan Malhotra,Delivery,Tech Lead,4.0,3070195.0,-0.25734022932405765
AF103754,Sunil Joshi,Operations,Director,4.0,12936336.0,-0.25726865581905756
AF107266,Sara Mehta,Finance,Engineer,4.0,1817904.0,-0.2571676274436516
AF101693,Ishaan Chaudhary,Delivery,Senior Manager,4.0,3923333.0,-0.25714399123378406
AF109275,Sunil Das,Finance,Senior Consultant,4.0,1699685.0,-0.25662024187219146
AF102195,Priya Bose,Consulting,Senior Consultant,4.0,2797601.0,-0.2565320851884305
AF108781,Rahul Kapoor,Operations,Consultant,4.0,1109585.0,-0.2561822008996959
AF100193,Maya Khan,Sales,Manager,4.0,2121761.0,-0.2560672097664618
AF108474,Vikram Bose,HR,Analyst,4.0,521594.0,-0.2558037276610037
AF100546,Neha Kumar,Consulting,Manager,4.0,2420990.0,-0.25548813568161144
AF103504,Arjun Gupta,Operations,Analyst,5.0,523813.0,-0.2552942165741676
AF100044,Kiran Gupta,Marketing,Senior Consultant,4.0,1691211.0,-0.25510385910455824
AF106440,Aarav Malhotra,Marketing,Consultant,4.0,1101330.0,-0.2550227010848296
AF102533,Sara Bose,Delivery,Analyst,4.0,526094.0,-0.25496293886477517
AF103655,Saanvi Kapoor,Sales,Director,4.0,7831226.0,-0.25495840797266744
AF101871,Anil Kapoor,Marketing,Engineer,5.0,1843693.0,-0.25445231533015544
AF102065,Rohan Sharma,QA,Senior Manager,5.0,3882620.0,-0.2540320584087077
AF100070,Ananya Malhotra,Delivery,Senior Analyst,5.0,1387824.0,-0.2540022515124267
AF109435,Kiran Chatterjee,Sales,Manager,4.0,2420722.0,-0.25392218627277785
AF101009,Rahul Singh,Delivery,Engineer,4.0,1839599.0,-0.2537505182155879
AF101101,Ananya Gupta,Marketing,Consultant,5.0,1818616.0,-0.2534124249906551
AF103527,Deepa Bose,Finance,Senior Analyst,4.0,742981.0,-0.25326375753810204
AF108676,Arjun Mehta,R&D,Senior Consultant,4.0,1717143.0,-0.2530710909063387
AF102030,Vihaan Reddy,Marketing,Senior Consultant,4.0,1716348.0,-0.2530456759756117
AF102220,Sunil Bose,QA,Manager,4.0,2412311.0,-0.2527084312150354
AF105618,Sara Chatterjee,Consulting,Analyst,4.0,863662.0,-0.25256136993534106
AF104635,Vihaan Reddy,R&D,Consultant,4.0,1109854.0,-0.25212975216394184
AF103961,Ishaan Kumar,Marketing,Manager,4.0,3984124.0,-0.2521296798464654
AF103657,Priya Joshi,Marketing,Senior Analyst,4.0,1392079.0,-0.2520764138892506
AF100535,Kabir Sharma,Consulting,Engineer,4.0,1112958.0,-0.25191828988766574
AF101597,Rohan Verma,Consulting,Consultant,5.0,978863.0,-0.2516730878426223
AF100472,Ritika Chaudhary,Sales,Consultant,5.0,980743.0,-0.25158059419382894
AF107691,Kiran Chatterjee,IT,Senior Consultant,4.0,2807273.0,-0.251272966879192
AF101119,Aditya Khan,IT,Senior Analyst,5.0,844380.0,-0.2511810943622663
AF103032,Priya Das,IT,Consultant,4.0,1107599.0,-0.2501664957036063
AF107096,Kiran Khan,R&D,Senior Manager,4.0,6488199.0,-0.24996543652969905
AF100336,Sunil Dutta,Operations,Analyst,5.0,863568.0,-0.2499305340626119
AF107842,Vikram Chaudhary,Delivery,Consultant,4.0,981612.0,-0.2497922133578374
AF104636,Priya Iyer,QA,Director,4.0,7795332.0,-0.24975121180826676
AF103598,Rohan Joshi,Sales,Engineer,5.0,987602.0,-0.24865420857704557
AF105370,Sunil Dutta,IT,Engineer,4.0,1852357.0,-0.24832936297416452
AF102536,Kabir Reddy,HR,Consultant,4.0,1119070.0,-0.24820007002496958
AF100197,Maya Kumar,R&D,Senior Analyst,5.0,850437.0,-0.24784694168663357
AF109571,Saanvi Khan,HR,Senior Consultant,4.0,1704830.0,-0.24781565077220336
AF108693,Maya Malhotra,R&D,Consultant,4.0,1118263.0,-0.24689272487779945
AF108825,Rohan Verma,Operations,Senior Analyst,4.0,1385824.0,-0.24678857039167212
AF109075,Aditya Joshi,Sales,Consultant,4.0,1111988.0,-0.2467045406680537
AF108067,Aarav Sharma,Sales,Senior Analyst,5.0,848826.0,-0.2466307225471489
AF108987,Rahul Kapoor,Sales,Manager,4.0,2438405.0,-0.2462042968676048
AF109672,Ritika Malhotra,Finance,Consultant,5.0,1103751.0,-0.24592543121586097
AF107482,Vihaan Reddy,Marketing,Engineer,4.0,1836936.0,-0.24564742869823775
AF102022,Arjun Khan,Operations,Senior Analyst,4.0,1390921.0,-0.24560918135594534
AF100427,Vihaan Khan,Operations,Manager,4.0,2431399.0,-0.2454774672359168
AF104904,Neha Iyer,R&D,Consultant,5.0,1120335.0,-0.2443563328551761
AF100186,Aarav Kumar,Consulting,Consultant,5.0,1119553.0,-0.24407896246917105
AF109046,Rohan Dutta,Finance,Consultant,5.0,1126029.0,-0.24358968252210822
AF108318,Sara Jain,R&D,Analyst,4.0,529910.0,-0.24310696868080583
AF103013,Kiran Sharma,R&D,Manager,4.0,2405792.0,-0.24295456084240463
AF105292,Sunil Das,Finance,Senior Analyst,4.0,749239.0,-0.24275748074455628
AF103322,Aditya Patel,QA,Senior Consultant,5.0,2865787.0,-0.242659465709675
AF108980,Aditya Das,Finance,Engineer,4.0,1863289.0,-0.24244504263834976
AF101756,Rohan Khan,R&D,Senior Analyst,5.0,1409717.0,-0.2422125134947457
AF103344,Ritika Iyer,R&D,Consultant,5.0,1118993.0,-0.24218795843403917
AF102024,Kiran Nair,Consulting,Manager,4.0,3991645.0,-0.24198846967382082
AF109769,Vikram Kapoor,Marketing,Senior Manager,4.0,3919366.0,-0.24145731898492961
AF109418,Anil Patel,IT,Senior Manager,4.0,3919238.0,-0.24062636276623195
AF106384,Aarav Gupta,Marketing,Analyst,4.0,868637.0,-0.24045304220507013
AF104179,Vikram Bose,HR,Manager,4.0,4012637.0,-0.2404280241521608
AF108008,Rohan Kapoor,Operations,Analyst,4.0,531408.0,-0.24042454840851057
AF105607,Saanvi Dutta,QA,Senior Manager,4.0,3934208.0,-0.23980327961230685
AF106444,Aditya Reddy,HR,Consultant,5.0,1121435.0,-0.23952753922566394
AF106194,Aditya Iyer,Operations,Senior Consultant,4.0,1529064.0,-0.23881521413871454
AF102934,Kiran Chatterjee,Finance,Tech Lead,4.0,5138228.0,-0.2384197958747265
AF109131,Kiran Mehta,HR,Senior Manager,4.0,3501157.0,-0.23822937846852632
AF100436,Vihaan Malhotra,Consulting,Senior Manager,5.0,3996864.0,-0.23776018280174505
AF105295,Ritika Patel,IT,Senior Consultant,4.0,2850185.0,-0.23720574163389507
AF102700,Kabir Joshi,QA,Senior Consultant,4.0,2871670.0,-0.2371680571093826
AF105911,Saanvi Gupta,Delivery,Engineer,5.0,999661.0,-0.23708661633381922
AF108750,Ananya Kapoor,Finance,Senior Manager,4.0,3992518.0,-0.23702192306364367
AF108932,Sunil Iyer,R&D,Senior Analyst,4.0,858445.0,-0.23682801375884388
AF107966,Aditya Malhotra,Marketing,Consultant,5.0,1126009.0,-0.23679976906220723
AF107393,Arjun Chatterjee,Marketing,Senior Consultant,4.0,2876673.0,-0.23658125775834016
AF100779,Aarav Singh,R&D,Engineer,4.0,1140893.0,-0.23566326383329894
AF105685,Anil Iyer,IT,Senior Consultant,4.0,1537026.0,-0.23556072427864727
AF107682,Anil Dutta,Delivery,Consultant,4.0,1126405.0,-0.23547634626885205
AF103930,Maya Reddy,HR,Senior Consultant,4.0,2872283.0,-0.23523438032904664
AF102442,Vihaan Mehta,Operations,Analyst,5.0,527975.0,-0.23452052144563673
AF102438,Anil Malhotra,Delivery,Senior Analyst,4.0,862988.0,-0.23417302308398824
AF101140,Kiran Sharma,R&D,Senior Consultant,4.0,1751609.0,-0.23381076248875132
AF100340,Rohan Gupta,HR,Analyst,4.0,471481.0,-0.23373106582060466
AF103730,Aarav Verma,R&D,Analyst,4.0,534513.0,-0.23352651557022597
AF104428,Rohan Malhotra,HR,Consultant,5.0,1854729.0,-0.23316696188974184
AF106815,Kiran Bose,Delivery,Analyst,4.0,470395.0,-0.2331652899490102
AF101206,Anil Nair,Operations,Senior Consultant,4.0,1753052.0,-0.23280995915222213
AF100589,Vikram Mehta,Marketing,Manager,4.0,2463445.0,-0.2327700521259608
AF104295,Rahul Reddy,Sales,Senior Analyst,4.0,1419673.0,-0.2319784572728416
AF101200,Sunil Mehta,QA,Analyst,4.0,885471.0,-0.23155896200824344
AF104682,Neha Khan,R&D,Engineer,4.0,1879165.0,-0.23148954676709188
AF102318,Sunil Reddy,Delivery,Engineer,4.0,1127790.0,-0.2296756782564593
AF100325,Sara Malhotra,Delivery,Senior Manager,5.0,6597915.0,-0.22950362581310912
AF109871,Vihaan Das,Finance,Manager,4.0,4073545.0,-0.22922411925839903
AF107228,Neha Sharma,Sales,Manager,5.0,2445365.0,-0.22892613306520637
AF101922,Aditya Singh,Sales,Senior Analyst,4.0,865113.0,-0.22849660417862871
AF101356,Priya Iyer,QA,Director,5.0,13333121.0,-0.2279717397789085
AF105300,Priya Mehta,Consulting,Manager,5.0,2493128.0,-0.22786745234370542
AF105039,Sunil Patel,HR,Manager,4.0,4083747.0,-0.22748056283641205
AF102165,Neha Khan,Sales,Tech Lead,4.0,3161393.0,-0.2271518902373515
AF102994,Kabir Iyer,Marketing,Consultant,4.0,1141999.0,-0.22651293249073312
AF101023,Saanvi Gupta,IT,Engineer,4.0,1887423.0,-0.22600845631386868
AF101040,Sara Patel,Delivery,Senior Analyst,4.0,870637.0,-0.22562044250832614
AF106661,Ritika Nair,QA,Senior Analyst,4.0,865570.0,-0.22446300873069625
AF104939,Arjun Singh,Marketing,Consultant,4.0,1007892.0,-0.22381422907183257
AF105021,Kiran Dutta,Sales,Senior Consultant,4.0,1770661.0,-0.22315818381622776
AF105034,Arjun Dutta,Operations,Senior Analyst,4.0,1431179.0,-0.22307737575346565
AF104950,Aarav Sharma,IT,Senior Consultant,4.0,1759385.0,-0.22299474216193715
AF106878,Priya Jain,Finance,Consultant,4.0,1143575.0,-0.22254437947244377
AF106112,Sara Joshi,Finance,Senior Manager,4.0,6688451.0,-0.22151874038703134
AF101979,Sara Reddy,QA,Senior Consultant,4.0,2892646.0,-0.22128723703901976
AF107075,Aarav Jain,Operations,Senior Manager,4.0,3574447.0,-0.22108890870223696
AF107950,Rohan Jain,Marketing,Engineer,5.0,1158940.0,-0.22104659871444987
AF109096,Kiran Jain,Consulting,Senior Analyst,4.0,871145.0,-0.220769903042644
AF102491,Maya Kapoor,HR,Consultant,4.0,1007170.0,-0.22075856095263546
AF100350,Priya Khan,IT,Senior Analyst,5.0,863008.0,-0.22055349613144948
AF102663,Maya Reddy,Finance,Senior Manager,4.0,6647244.0,-0.22027944616609751
AF104274,Rahul Das,R&D,Consultant,4.0,1148667.0,-0.2199609909013862
AF107511,Ananya Iyer,Marketing,Consultant,5.0,1895333.0,-0.21907998011293373
AF105678,Aditya Bose,IT,Senior Analyst,5.0,871858.0,-0.21885515069585537
AF106578,Saanvi Gupta,R&D,VP,5.0,15430344.0,-0.2184138135792466
AF109104,Anil Joshi,Marketing,Manager,5.0,4123963.0,-0.2183785805385714
AF102076,Aarav Iyer,Operations,Consultant,4.0,1147955.0,-0.21829905446844577
AF104262,Vihaan Kapoor,R&D,Senior Analyst,4.0,879338.0,-0.21718467755350268
AF101692,Ritika Bose,Operations,Senior Manager,5.0,4079076.0,-0.2169417273602008
AF107985,Vikram Jain,Sales,Senior Analyst,4.0,875623.0,-0.21645796686205365
AF107574,Priya Mehta,Consulting,Engineer,5.0,1142600.0,-0.216442692623378
AF102598,Aditya Jain,Consulting,Senior Analyst,4.0,871549.0,-0.2163171483145483
AF102826,Vikram Singh,IT,Senior Analyst,4.0,877643.0,-0.21585541438261835
AF107676,Kiran Jain,Finance,Engineer,4.0,1912305.0,-0.21578574634492576
AF104272,Vikram Verma,Finance,Senior Consultant,4.0,1777678.0,-0.2156670994163168
AF103064,Kiran Jain,Finance,Engineer,4.0,1163018.0,-0.21551439203433453
AF105153,Sunil Chatterjee,QA,Consultant,5.0,1903926.0,-0.2144297975705829
AF100467,Ananya Das,IT,Senior Consultant,4.0,2939076.0,-0.2143903943278982
AF101418,Aditya Chaudhary,R&D,Engineer,4.0,1154938.0,-0.21348587855164602
AF102170,Rahul Sharma,HR,Senior Consultant,4.0,1793839.0,-0.21324829476482243
AF109465,Kabir Das,Consulting,Consultant,4.0,1150931.0,-0.21317781034266758
AF100382,Maya Chaudhary,Delivery,Senior Consultant,4.0,1782031.0,-0.21303144411340114
AF106678,Kabir Gupta,Finance,Senior Consultant,4.0,2941403.0,-0.21251417562301178
AF106215,Sara Chatterjee,R&D,Manager,4.0,4136337.0,-0.21210548503646365
AF105641,Arjun Khan,R&D,Analyst,4.0,544118.0,-0.21083039735967368
AF105859,Vikram Verma,Sales,Senior Manager,4.0,4103605.0,-0.21008483790546428
AF106979,Ananya Kumar,HR,Analyst,4.0,545494.0,-0.2098537903718114
AF106476,Aarav Dutta,Delivery,Analyst,4.0,548548.0,-0.2098173068487501
AF106679,Neha Nair,Operations,Senior Analyst,4.0,1453943.0,-0.20927504494650329
AF104382,Kiran Verma,Operations,Senior Consultant,4.0,2955715.0,-0.20921017251975016
AF108739,Vihaan Mehta,Consulting,Senior Consultant,5.0,2936236.0,-0.20896725759870627
AF108258,Aarav Patel,IT,Senior Manager,4.0,4128635.0,-0.20856382809735763
AF106856,Sara Nair,Marketing,Senior Analyst,4.0,1455679.0,-0.20819682589485744
AF105412,Kiran Malhotra,Operations,Senior Consultant,4.0,1797011.0,-0.20814457397683128
AF104450,Rahul Gupta,Operations,Senior Analyst,4.0,885586.0,-0.20759873995470102
AF100968,Vihaan Mehta,IT,Senior Consultant,4.0,1790639.0,-0.20729569394470637
AF106090,Rohan Reddy,Consulting,Consultant,4.0,1024427.0,-0.2071434198235096
AF100856,Aarav Khan,QA,Senior Analyst,4.0,882462.0,-0.20693222636609931
AF105758,Rohan Dutta,IT,Engineer,5.0,1923776.0,-0.206859504912563
AF100665,Ritika Singh,QA,Senior Manager,4.0,4120380.0,-0.20627962611051842
AF106586,Vikram Jain,Sales,Senior Analyst,5.0,1461271.0,-0.20604158149611962
AF109863,Sunil Mehta,Operations,Senior Analyst,4.0,879850.0,-0.20540766243706976
AF100106,Maya Joshi,Delivery,Consultant,5.0,1024172.0,-0.2053656989785253
AF105260,Kabir Reddy,Marketing,Engineer,4.0,1173320.0,-0.2046204337916695
AF105261,Saanvi Khan,Marketing,Manager,4.0,2541863.0,-0.20425939853915942
AF105047,Aditya Singh,Sales,Senior Analyst,4.0,1449934.0,-0.20399280685733778
AF105543,Vihaan Chaudhary,Marketing,Senior Analyst,4.0,782127.0,-0.20364900195773394
AF101425,Arjun Kapoor,IT,Senior Analyst,4.0,1458079.0,-0.20364320314676299
AF108509,Vikram Chatterjee,Finance,Senior Manager,4.0,6793077.0,-0.20362498229426507
AF102075,Maya Khan,Marketing,Director,5.0,8237562.0,-0.20314516844870667
AF108310,Vihaan Patel,Finance,Analyst,4.0,908527.0,-0.2029868024379926
AF108686,Rahul Dutta,Consulting,Manager,4.0,2545325.0,-0.2029815094453138
AF107749,Arjun Das,Sales,Consultant,5.0,1163033.0,-0.2028282396693264
AF108985,Priya Mehta,Finance,Engineer,4.0,1033021.0,-0.2027424670065887
AF104092,Aarav Mehta,Consulting,Analyst,5.0,903753.0,-0.20226161443159008
AF106228,Ananya Bose,Delivery,Analyst,4.0,910890.0,-0.20206822245446965
AF106610,Vikram Nair,Delivery,Engineer,4.0,1176021.0,-0.2018650777643689
AF109681,Arjun Das,QA,Senior Analyst,4.0,1452181.0,-0.2018639324601743
AF106929,Priya Sharma,Marketing,Senior Manager,4.0,4151964.0,-0.20151977819914535
AF107636,Vikram Gupta,Marketing,Consultant,4.0,1173296.0,-0.20134180701005988
AF107001,Ananya Nair,Operations,Consultant,5.0,1167565.0,-0.20101032254133244
AF103818,Anil Jain,Operations,Senior Consultant,4.0,1814065.0,-0.20088925269904756
AF106711,Aditya Patel,QA,Engineer,5.0,1162995.0,-0.2008646307111004
AF100661,Aditya Mehta,Finance,Manager,4.0,4193514.0,-0.2007445990552288
AF107822,Anil Patel,Marketing,Senior Analyst,4.0,877375.0,-0.2005356068348796
AF109849,Ritika Chatterjee,Marketing,Analyst,4.0,911400.0,-0.20039606528704113
AF105661,Ananya Chatterjee,Consulting,Senior Manager,4.0,6811951.0,-0.2000904371825296
AF103019,Ritika Jain,Consulting,Senior Consultant,4.0,1813663.0,-0.19996399806058562
AF108097,Maya Gupta,Sales,Manager,4.0,4161122.0,-0.19995347127817098
AF105215,Arjun Dutta,QA,Consultant,4.0,1933332.0,-0.19990442568911249
AF104344,Vikram Reddy,Operations,Senior Analyst,5.0,891801.0,-0.1998616619335607
AF100974,Kiran Patel,Finance,Director,4.0,8304352.0,-0.1998302671704142
AF107131,Vikram Iyer,Delivery,Senior Consultant,4.0,2974182.0,-0.19976676468195365
AF109819,Kiran Nair,Finance,Senior Analyst,4.0,893885.0,-0.19968521743279588
AF102431,Priya Bose,Sales,Senior Consultant,5.0,2968976.0,-0.19940781257557383
AF101013,Kiran Verma,Delivery,Director,4.0,7321036.0,-0.1993733792806296
AF101181,Ananya Joshi,QA,Consultant,5.0,1179284.0,-0.19872907475471635
AF103893,Sara Bose,Sales,Senior Consultant,4.0,1789002.0,-0.1985062127416679
AF103377,Sunil Chatterjee,QA,Senior Consultant,4.0,1823624.0,-0.19746466223805825
AF103196,Priya Verma,R&D,Analyst,5.0,914439.0,-0.1974148797915074
AF100701,Kiran Verma,QA,Senior Consultant,4.0,1810920.0,-0.19729442386340068
AF102356,Aarav Bose,Operations,Consultant,4.0,1171623.0,-0.1966775364676856
AF109730,Kabir Das,IT,Analyst,4.0,555670.0,-0.19649635027135837
AF104752,Saanvi Khan,Delivery,Senior Consultant,4.0,2970485.0,-0.19646089130485933
AF105167,Anil Kumar,Delivery,Senior Analyst,5.0,891295.0,-0.1964562290010079
AF108608,Deepa Verma,IT,Manager,4.0,2552809.0,-0.1959136426505701
AF103576,Rohan Dutta,HR,Analyst,5.0,553638.0,-0.19587050481484702
AF107713,Aditya Singh,QA,Director,4.0,13604970.0,-0.19584095455874717
AF102017,Rahul Joshi,Consulting,Manager,4.0,2550926.0,-0.1954738720766276
AF100339,Kiran Sharma,Finance,Senior Consultant,4.0,1811104.0,-0.19526523439350463
AF107006,Anil Sharma,Finance,Manager,4.0,2533187.0,-0.19500806729754494
AF108273,Ishaan Nair,Finance,Senior Analyst,4.0,896047.0,-0.19479157442351003
AF101750,Priya Khan,Sales,Senior Analyst,5.0,899636.0,-0.19472063494866632
AF103559,Sunil Bose,Sales,Consultant,4.0,1183331.0,-0.19417489601448068
AF105406,Arjun Chaudhary,Consulting,Senior Analyst,4.0,899376.0,-0.19351510681986817
AF100264,Deepa Sharma,R&D,Manager,4.0,2574534.0,-0.1935102334518497
AF104086,Sara Malhotra,QA,Analyst,5.0,918544.0,-0.19346322041534947
AF100281,Kabir Nair,R&D,Analyst,4.0,557728.0,-0.19319567289076467
AF101619,Arjun Malhotra,Marketing,Engineer,5.0,1938116.0,-0.1930294921704192
AF107224,Anil Patel,QA,Analyst,4.0,917267.0,-0.1923143907803535
AF109583,Priya Iyer,IT,Analyst,5.0,561314.0,-0.1920647893170795
AF107377,Kiran Bose,QA,Senior Analyst,4.0,1481535.0,-0.19185039665901193
AF108267,Rahul Bose,Marketing,Senior Manager,4.0,6893412.0,-0.1918000803126425
AF101000,Arjun Nair,R&D,Senior Analyst,4.0,1480086.0,-0.1917695464195095
AF107332,Ananya Nair,Consulting,Engineer,4.0,1183947.0,-0.19160356712699844
AF103192,Priya Iyer,Finance,Engineer,4.0,1045999.0,-0.19108896192418356
AF109078,Ishaan Chatterjee,R&D,Consultant,4.0,1942976.0,-0.19085919490988346
AF109717,Aditya Gupta,Sales,Engineer,4.0,1173398.0,-0.19066518292265933
AF107120,Ritika Verma,Consulting,Senior Manager,4.0,4183476.0,-0.19055028527787776
AF104778,Maya Khan,R&D,Senior Consultant,4.0,1835463.0,-0.19021052980667363
AF107660,Anil Reddy,QA,Consultant,4.0,1179287.0,-0.19012405199059756
AF104879,Vikram Iyer,Operations,Consultant,5.0,1177537.0,-0.19008992513407819
AF107887,Ananya Kapoor,IT,Consultant,4.0,1179792.0,-0.19008742467059037
AF101976,Arjun Mehta,Delivery,Senior Consultant,5.0,3011222.0,-0.1898148985153707
AF107911,Rahul Kumar,Sales,Consultant,4.0,1184249.0,-0.18958791074949133
AF107556,Deepa Bose,HR,Tech Lead,5.0,3270186.0,-0.1894881602596623
AF106267,Sara Patel,Sales,Director,4.0,13859516.0,-0.18880879399529604
AF104116,Aditya Kapoor,HR,Consultant,4.0,1184962.0,-0.18861524435631694
AF107445,Maya Iyer,QA,Analyst,5.0,559396.0,-0.18829561082960922
AF101904,Aarav Sharma,Delivery,Senior Manager,4.0,6909392.0,-0.18754772103635808
AF104300,Aarav Chaudhary,R&D,Manager,4.0,4232233.0,-0.1872597642118663
AF100682,Vihaan Khan,Operations,Senior Consultant,5.0,1841070.0,-0.18713277195873168
AF106693,Arjun Sharma,Delivery,Consultant,5.0,1189571.0,-0.18698555917136517
AF104005,Kabir Dutta,QA,Tech Lead,4.0,3266254.0,-0.1867528760339905
AF100984,Arjun Reddy,IT,Manager,4.0,2271831.0,-0.18674185817806332
AF101173,Vihaan Mehta,Consulting,Tech Lead,5.0,5418957.0,-0.18668705111772255
AF102095,Sara Gupta,Consulting,Consultant,4.0,1190846.0,-0.1860893103198027
AF105241,Aditya Sharma,Operations,Senior Consultant,4.0,2997078.0,-0.18497129199676543
AF102118,Sunil Malhotra,Consulting,Engineer,4.0,1195050.0,-0.18463483033888295
AF104864,Priya Bose,Operations,Consultant,4.0,1171532.0,-0.18434015687547145
AF106060,Vihaan Patel,HR,Senior Consultant,4.0,1828466.0,-0.18405796870814584
AF107302,Ishaan Malhotra,Finance,Consultant,4.0,1186566.0,-0.1835261807221844
AF104544,Kiran Nair,IT,Senior Analyst,5.0,1494229.0,-0.18350985241554518
AF109339,Vihaan Jain,R&D,Consultant,4.0,1196220.0,-0.1833186332699146
AF108092,Sara Nair,Consulting,Consultant,4.0,1196510.0,-0.1832512585227679
AF101451,Aarav Joshi,Operations,Senior Manager,5.0,6891932.0,-0.18309393948266006
AF105424,Ishaan Mehta,R&D,Manager,4.0,2579702.0,-0.1830205635679274
AF101776,Saanvi Patel,IT,Analyst,4.0,564197.0,-0.18195580833689284
AF105452,Ritika Malhotra,QA,Senior Analyst,4.0,902063.0,-0.1819317068733728
AF107499,Rahul Sharma,Consulting,Manager,4.0,2603517.0,-0.18168215438785928
AF101928,Aditya Singh,Operations,Senior Analyst,4.0,909755.0,-0.1816333502155416
AF102691,Rahul Kumar,IT,Analyst,4.0,495399.0,-0.18151975337524817
AF105052,Sara Malhotra,IT,Tech Lead,5.0,3317308.0,-0.18144984222555216
AF101628,Ritika Malhotra,HR,Consultant,4.0,1194103.0,-0.18126230966582213
AF104881,Sara Sharma,Consulting,Analyst,4.0,564919.0,-0.18120440405298588
AF103574,Rohan Patel,IT,Senior Consultant,4.0,1625294.0,-0.18101108279843636
AF107460,Neha Nair,R&D,Senior Consultant,4.0,1626484.0,-0.18100230963260522
AF105670,Kiran Sharma,Delivery,Engineer,5.0,1961946.0,-0.18094720622111282
AF104061,Saanvi Patel,HR,Senior Analyst,4.0,1494856.0,-0.1806077753005706
